{
    "char_f1": 0.34274000000000027,
    "exact_match": 0.0,
    "finish_reason_ratio-stop": 0.765,
    "finish_reason_ratio-length": 0.235,
    "avg_output_length": 1626.865,
    "max_output_length": 7153,
    "min_output_length": 258,
    "elapsed_time": 3743.2535730544478
}